objective,scope,target,outcome,feature_set,case_folder,report_page,core_r_script,completed_run_id
1,india,TEA,TEA,iv,Objective 1\India\TEA\IV,4,run_analysis.R,04_obj1_india_iv_TEA
1,india,TEA,TEA,iv_cv,Objective 1\India\TEA\IV+CV,10,run_analysis.R,10_obj1_india_iv_cv_TEA
1,india,OME,OME,iv,Objective 1\India\OME\IV,5,run_analysis.R,05_obj1_india_iv_OME
1,india,OME,OME,iv_cv,Objective 1\India\OME\IV+CV,11,run_analysis.R,11_obj1_india_iv_cv_OME
1,india,NME,NME,iv,Objective 1\India\NME\IV,6,run_analysis.R,06_obj1_india_iv_NME
1,india,NME,NME,iv_cv,Objective 1\India\NME\IV+CV,12,run_analysis.R,12_obj1_india_iv_cv_NME
1,global,TEA,TEA,iv,Objective 1\Global\TEA\IV,1,run_analysis.R,01_obj1_global_iv_TEA
1,global,TEA,TEA,iv_cv,Objective 1\Global\TEA\IV+CV,7,run_analysis.R,07_obj1_global_iv_cv_TEA
1,global,OME,OME,iv,Objective 1\Global\OME\IV,2,run_analysis.R,02_obj1_global_iv_OME
1,global,OME,OME,iv_cv,Objective 1\Global\OME\IV+CV,8,run_analysis.R,08_obj1_global_iv_cv_OME
1,global,NME,NME,iv,Objective 1\Global\NME\IV,3,run_analysis.R,03_obj1_global_iv_NME
1,global,NME,NME,iv_cv,Objective 1\Global\NME\IV+CV,9,run_analysis.R,09_obj1_global_iv_cv_NME
2,india,TEA,TEA,iv,Objective 2\India\TEA\IV,4,run_analysis.R,04_obj2_india_iv_TEA
2,india,TEA,TEA,iv_cv,Objective 2\India\TEA\IV+CV,10,run_analysis.R,10_obj2_india_iv_cv_TEA
2,india,OME,OME,iv,Objective 2\India\OME\IV,5,run_analysis.R,05_obj2_india_iv_OME
2,india,OME,OME,iv_cv,Objective 2\India\OME\IV+CV,11,run_analysis.R,11_obj2_india_iv_cv_OME
2,india,NME,NME,iv,Objective 2\India\NME\IV,6,run_analysis.R,06_obj2_india_iv_NME
2,india,NME,NME,iv_cv,Objective 2\India\NME\IV+CV,12,run_analysis.R,12_obj2_india_iv_cv_NME
2,global,TEA,TEA,iv,Objective 2\Global\TEA\IV,1,run_analysis.R,01_obj2_global_iv_TEA
2,global,TEA,TEA,iv_cv,Objective 2\Global\TEA\IV+CV,7,run_analysis.R,07_obj2_global_iv_cv_TEA
2,global,OME,OME,iv,Objective 2\Global\OME\IV,2,run_analysis.R,02_obj2_global_iv_OME
2,global,OME,OME,iv_cv,Objective 2\Global\OME\IV+CV,8,run_analysis.R,08_obj2_global_iv_cv_OME
2,global,NME,NME,iv,Objective 2\Global\NME\IV,3,run_analysis.R,03_obj2_global_iv_NME
2,global,NME,NME,iv_cv,Objective 2\Global\NME\IV+CV,9,run_analysis.R,09_obj2_global_iv_cv_NME
3,india,TEA,TEA,iv,Objective 3\India\TEA\IV,4,run_analysis.R,04_obj3_india_iv_TEA
3,india,TEA,TEA,iv_cv,Objective 3\India\TEA\IV+CV,10,run_analysis.R,10_obj3_india_iv_cv_TEA
3,india,OME,OME,iv,Objective 3\India\OME\IV,5,run_analysis.R,05_obj3_india_iv_OME
3,india,OME,OME,iv_cv,Objective 3\India\OME\IV+CV,11,run_analysis.R,11_obj3_india_iv_cv_OME
3,india,NME,NME,iv,Objective 3\India\NME\IV,6,run_analysis.R,06_obj3_india_iv_NME
3,india,NME,NME,iv_cv,Objective 3\India\NME\IV+CV,12,run_analysis.R,12_obj3_india_iv_cv_NME
3,global,TEA,TEA,iv,Objective 3\Global\TEA\IV,1,run_analysis.R,01_obj3_global_iv_TEA
3,global,TEA,TEA,iv_cv,Objective 3\Global\TEA\IV+CV,7,run_analysis.R,07_obj3_global_iv_cv_TEA
3,global,OME,OME,iv,Objective 3\Global\OME\IV,2,run_analysis.R,02_obj3_global_iv_OME
3,global,OME,OME,iv_cv,Objective 3\Global\OME\IV+CV,8,run_analysis.R,08_obj3_global_iv_cv_OME
3,global,NME,NME,iv,Objective 3\Global\NME\IV,3,run_analysis.R,03_obj3_global_iv_NME
3,global,NME,NME,iv_cv,Objective 3\Global\NME\IV+CV,9,run_analysis.R,09_obj3_global_iv_cv_NME
4,india,Fear_of_failure,fearfail_2015_2022,iv,Objective 4\India\Fear_of_failure\IV,2,run_analysis_objectives45.R,02_obj4_india_iv_fearfail_2015_2022
4,india,Fear_of_failure,fearfail_2015_2022,iv_cv,Objective 4\India\Fear_of_failure\IV+CV,4,run_analysis_objectives45.R,04_obj4_india_iv_cv_fearfail_2015_2022
4,india,Fear_of_failure,fearfail_2015_2022,iv_cv_nes,Objective 4\India\Fear_of_failure\IV+CV+NES,6,run_analysis_objectives45_nes.R,02_obj4_india_iv_cv_nes_fearfail_2015_2022
4,global,Fear_of_failure,fearfail_2015_2022,iv,Objective 4\Global\Fear_of_failure\IV,1,run_analysis_objectives45.R,01_obj4_global_iv_fearfail_2015_2022
4,global,Fear_of_failure,fearfail_2015_2022,iv_cv,Objective 4\Global\Fear_of_failure\IV+CV,3,run_analysis_objectives45.R,03_obj4_global_iv_cv_fearfail_2015_2022
4,global,Fear_of_failure,fearfail_2015_2022,iv_cv_nes,Objective 4\Global\Fear_of_failure\IV+CV+NES,5,run_analysis_objectives45_nes.R,01_obj4_global_iv_cv_nes_fearfail_2015_2022
5,india,Business_exit,EXIT_ENT_harmonized,iv,Objective 5\India\Business_exit\IV,2,run_analysis_objectives45.R,02_obj5_india_iv_EXIT_ENT_harmonized
5,india,Business_exit,EXIT_ENT_harmonized,iv_cv,Objective 5\India\Business_exit\IV+CV,4,run_analysis_objectives45.R,04_obj5_india_iv_cv_EXIT_ENT_harmonized
5,india,Business_exit,EXIT_ENT_harmonized,iv_cv_nes,Objective 5\India\Business_exit\IV+CV+NES,6,run_analysis_objectives45_nes.R,02_obj5_india_iv_cv_nes_EXIT_ENT_harmonized
5,global,Business_exit,EXIT_ENT_harmonized,iv,Objective 5\Global\Business_exit\IV,1,run_analysis_objectives45.R,01_obj5_global_iv_EXIT_ENT_harmonized
5,global,Business_exit,EXIT_ENT_harmonized,iv_cv,Objective 5\Global\Business_exit\IV+CV,3,run_analysis_objectives45.R,03_obj5_global_iv_cv_EXIT_ENT_harmonized
5,global,Business_exit,EXIT_ENT_harmonized,iv_cv_nes,Objective 5\Global\Business_exit\IV+CV+NES,5,run_analysis_objectives45_nes.R,01_obj5_global_iv_cv_nes_EXIT_ENT_harmonized
