variable,definition,source,notes
EFW,"Overall Economic Freedom of the World Index score, measuring the extent to which a country’s policies and institutions support economic freedom, including personal choice, voluntary exchange, freedom to enter markets and compete, and security of privately owned property.",Fraser Institute – Economic Freedom of the World,"Index score, 0–10"
EFW_government,"Size of Government area score, measuring the extent to which government spending, taxation, transfers, and state ownership affect the role of private choice and markets in the economy.",Fraser Institute – Economic Freedom of the World,"Index score, 0–10"
EFW_legal,"Legal System and Property Rights area score, measuring the protection of persons and legitimately acquired property, judicial independence and impartiality, enforcement of contracts, integrity of the legal system, and security of property rights.",Fraser Institute – Economic Freedom of the World,"Index score, 0–10"
EFW_money,"Sound Money area score, measuring the extent to which a country provides stable money and protects individuals from substantial reductions in the value of their wealth caused by inflation and monetary instability.",Fraser Institute – Economic Freedom of the World,"Index score, 0–10"
EFW_quartile,Quartile classification of a country based on its overall Economic Freedom of the World Index score relative to other countries in the EFW ranking.,Fraser Institute – Economic Freedom of the World,Categorical variable
EFW_regulation,"Regulation of Credit, Labor, and Business area score, measuring the extent to which regulations and government controls restrict the operation of credit markets, labor markets, and businesses.",Fraser Institute – Economic Freedom of the World,"Index score, 0–10"
EFW_trade,"Freedom to Trade Internationally area score, measuring the extent to which individuals and businesses are free to exchange goods, services, and capital internationally without tariffs, regulatory barriers, exchange controls, or other restrictions.",Fraser Institute – Economic Freedom of the World,"Index score, 0–10"
NME,Measures entrepreneurial activity undertaken primarily because the individual has no better employment or income-generating alternative.,GEM- APS,Individual-level response; binary outcome coded as 1 = Yes and 0 = No.
OME,"Measures entrepreneurial activity undertaken primarily because the individual perceives and pursues a business opportunity, rather than because there are no better employment alternatives.",GEM- APS,Individual-level response; binary outcome coded as 1 = Yes and 0 = No.
TEA,Measures the proportion of adults who are actively involved in starting or running a new business. It captures individuals who are either nascent entrepreneurs or owner-managers of young businesses.,GEM-APS,Individual-level response; binary outcome coded as 1 = Yes and 0 = No.
age,Age of the respondent at the time of the survey.,GEM APS,
busang,Binary indicator identifying whether the respondent personally provided funds to help someone else start a business within the previous three years.,GEM APS,
country_name,Name of the country in which the respondent was surveyed.,GEM APS,
discent,Binary indicator identifying whether the respondent discontinued or shut down a business in the previous 12 months and the business did not continue its activities.,GEM APS,
ease_start_business,Respondent's perception of whether it is easy to start a business in their country.,,"easystart was used for 2015–2018, where valid responses were coded as 0 = Disagree and 1 = Agree/Yes. easystartL was used for 2019 and 2021–2022, and easystartl for 2020. For the 5-point versions, responses 1–2 were recoded as 0 (No/Disagree) and responses 4–5 as 1 (Yes/Agree). Neutral responses (3 = Neither agree nor disagree), special codes, and original missing values were retained as missing."
economic_quality,"Measures the robustness of an economy through fiscal sustainability and macroeconomic stability, as well as its capacity to generate wealth through productivity, competitiveness, dynamism, labour-force engagement, and economic diversity.",Legatum Institute – Legatum Prosperity Index,
education,"Measures the enrolment, outcomes, and quality of pre-primary, primary, secondary, and tertiary education, together with the skills of the adult population.",Legatum Institute – Legatum Prosperity Index,
education_attainment,Respondent's educational attainment classified using the GEM-harmonized education categories.,GEM APS,"Categorical: None; Some Secondary; Secondary; Post Secondary; Graduate Experience; MissingHarmonized across 2015–2022. Uses GEMEDUC for 2015–2019 and 2021–2022, and the lowercase gemeduc variable for 2020. Both variables use the same GEM education classification and value labels."
enterprise_conditions,"Measures how easy it is for businesses to start, compete, and expand, including the regulatory and market conditions that support entrepreneurial activity.",Legatum Institute – Legatum Prosperity Index,
entrepreneurial_intention,Measures entrepreneurial intentions among individuals aged 18–64 who are not currently involved in entrepreneurship.,GEM APS,"Harmonized across GEM survey years. Based on FUTSUPNO for 2015–2019 and 2021–2022, and futsupno for 2020. The original GEM variable is specifically defined for the 18–64 population not involved in entrepreneurship."
established_business_owner,Indicates whether the respondent currently manages and owns a business that has been operating for more than 42 months.,GEM APS,ESTBBUSO used for 2015–2019 and 2021–2022; estbbuso used for 2020.
fearfail_2015_2022,Harmonized fear-of-failure indicator covering the 2015–2022 study period.,GEM APS,
gdp_growth,Annual percentage growth rate of GDP at market prices based on constant local currency.,"World Bank, World Development Indicators (WDI)",Unit: Percentage (%)
gdp_per_capita_ppp,"Gross Domestic Product (GDP) per capita adjusted for purchasing power parity (PPP), representing the average economic output per person after accounting for differences in price levels across countries.","World Bank, World Development Indicators (WDI)",Unit in Current international dollars
gender,Gender of the respondent.,GEM APS,
good_career_choice,Indicates whether the respondent believes that most people in their country consider starting a new business to be a desirable career choice.,GEM APS,"nbgoodc was used for 2015–2018. For the revised 5-point response format, nbgoodcL was used for 2019 and 2021–2022, while nbgoodcl was used for 2020. In the 5-point versions, responses of 1–2 were classified as No/Disagree, 4–5 as Yes/Agree, and 3 (Neither agree nor disagree) was retained as a separate neutral category. Original missing or non-response values were retained as missing."
governance,Measures the extent to which there are checks and restraints on government power and whether governments operate effectively and without corruption.,Legatum Institute – Legatum Prosperity Index,
health,"Measures basic healthcare services and population health outcomes, including mental and physical health, longevity, behavioural risk factors, healthcare systems, and preventive interventions.",Legatum Institute – Legatum Prosperity Index,
hhsize,Number of people in the respondent's household.,GEM APS,
high_status,Indicates whether the respondent believes that people who are successful at starting a new business have a high level of status and respect in the country.,,"nbstatus used for 2015–2018. nbstatusL used for 2019 and 2021–2022, and nbstatusl used for 2020. For the 5-point versions, responses 1–2 were coded 0 and responses 4–5 were coded 1. Neutral responses (3 = Neither agree nor disagree) and original missing/non-response values were retained as missing."
household_income,"Relative position of the respondent's household in the national household-income distribution, classified into three income groups.",GEM APS,"Categorical: Lowest 33%; Middle 33%; Upper 33%; Missing.GEM-recoded household income into three approximately equal national income groups. Uses GEMHHINC for 2015–2019 and 2021–2022, and gemhhinc for 2020."
investment_environment,"Measures the extent to which investments are adequately protected through property rights, investor protection, and contract enforcement, together with the availability of domestic and international capital.",Legatum Institute – Legatum Prosperity Index,
knowing_entrepreneur,Measures whether an individual personally knows at least one person who has started a business or become self-employed.,GEM APS,"Harmonized across GEM questionnaire/coding changes for 2015–2022. Based on knowent for 2015–2018, KNOWENyy for 2019 and 2021–2022, and knowenyy for 2020."
living_conditions,"Measures the basic material conditions necessary for individuals to attain a basic level of wellbeing, including material resources, nutrition, basic services, shelter, connectedness, and a safe living and working environment.",Legatum Institute – Legatum Prosperity Index,
market_access__infrastructure,"Measures the quality of infrastructure supporting trade, including communications, transport and resources, together with factors that inhibit the flow of goods and services.",Legatum Institute – Legatum Prosperity Index,
media_coverage,Measures the extent to which individuals perceive that successful new businesses receive coverage in public media and/or the internet.,GEM APS,"Harmonized across GEM questionnaire formats. Uses nbmedia for 2015–2018; nbmediaL for 2019 and 2021–2022; nbmedial for 2020. Five-point responses are collapsed into disagreement (1–2) and agreement (4–5), while neutral responses (3) are treated as missing."
natural_environment,"Measures aspects of the physical environment that affect people's ability to flourish, including emissions, exposure to air pollution, forest, land and soil, freshwater, oceans, and environmental preservation efforts.",Legatum Institute – Legatum Prosperity Index,
occupation_status,"Respondent's current occupational status, distinguishing employment, self-employment, unemployment/non-employment, retirement, homemaking, and student status.",GEM APS,1 = Full-time; 2 = Part-time; 3 = Retired; 4 = Homemaker; 5 = Student; 6 = Not working; 7 = Self-employed; Missing = Non-response/missingHarmonized across 2015–2022. GEMOCCU is used for 2015–2019 and 2021–2022; gemoccu is used for 2020. The self-employed category is retained separately.
opportunity_perception,Measures whether an individual perceives that there are good opportunities for starting a business in the next six months.,GEM APS,"Harmonized across GEM questionnaire/coding changes for 2015–2022. For 2015–2018, based on opport; for 2020, based on opportyy; for 2019, 2021 and 2022, the 5-point opportL measure was recoded as 1–2 = 0 (disagree), 4–5 = 1 (agree), and 3 = missing (neither)."
personal_freedom,"Measures the extent of basic legal rights, individual liberties, and social tolerance in a country, including freedom of assembly and association, freedom of speech and access to information, and absence of legal discrimination.",Legatum Institute – Legatum Prosperity Index,
population_totalthousands,"Total population of the country, representing the total number of people residing in the country.","World Bank, World Development Indicators (WDI)",Unit: Thousands of persons
prosperity_index_score,"Overall Prosperity Index score measuring the multidimensional prosperity of a country across social, economic, and human wellbeing dimensions.",Legatum Institute – Legatum Prosperity Index,
safety__security,"Measures the degree to which individuals and communities are free from war and civil conflict, terrorism, politically related terror and violence, violent crime, and property crime.",Legatum Institute – Legatum Prosperity Index,
setid,Unique identifier for the respondent/observation in the GEM survey dataset.,GEM APS,
social_capital,"Measures the strength of personal and family relationships, social networks, interpersonal and institutional trust, and civic and social participation within society.",Legatum Institute – Legatum Prosperity Index,
social_enterprise,Indicates whether the respondent believes that businesses primarily aimed at solving social problems are commonly seen in their country.,GEM APS,"nbsocent used for 2015–2018. nbsocentL used for 2019 and 2021–2022, and nbsocentl used for 2020. For the 5-point versions, responses 1–2 were coded 0 and responses 4–5 were coded 1. Neutral responses (3 = Neither agree nor disagree), special codes, and original missing values were retained as missing."
suskill_2015_2022,"Harmonized indicator capturing the respondent's perception of having the knowledge, skills, and experience required to start a business during 2015–2022.",GEM APS,
yrsurv,Year in which the GEM Adult Population Survey was conducted.,GEM APS,
EXIT_ENT,"Business exit source for 2015-2019 and 2021-2022, including continued businesses.",GEM APS,
exit_ent,"Business exit source for 2020, including continued businesses.",GEM APS,
EXIT_ENT_harmonized,Binary business exit outcome: EXIT_ENT filled from exit_ent when missing; 2015-2022.,GEM APS,
financing,Availability of financial resources for SMEs,GEM NES,"Country-year score, shared by respondents; stored source definition"
govt_support,Public policies supporting entrepreneurship,GEM NES,"Country-year score, shared by respondents; stored source definition"
taxes_bureaucracy,Taxes and regulations affecting new and small firms,GEM NES,"Country-year score, shared by respondents; stored source definition"
govt_programs,Government programs directly assisting SMEs,GEM NES,"Country-year score, shared by respondents; stored source definition"
education_training,Entrepreneurship education at primary and secondary levels,GEM NES,"Country-year score, shared by respondents; stored source definition"
commercial_infrastructure,Entrepreneurship education in higher and vocational education,GEM NES,"Country-year score, shared by respondents; stored source definition"
rd_transfer,R&D transfer and commercial opportunities for SMEs,GEM NES,"Country-year score, shared by respondents; stored source definition"
market_dynamics,"Commercial, legal and professional services supporting SMEs",GEM NES,"Country-year score, shared by respondents; stored source definition"
market_changes,Level of change in markets from year to year,GEM NES,"Country-year score, shared by respondents; stored source definition"
market_entry,Freedom of new firms to enter existing markets,GEM NES,"Country-year score, shared by respondents; stored source definition"
physical_infrastructure,Access to physical resources and infrastructure for SMEs,GEM NES,"Country-year score, shared by respondents; stored source definition"
cultural_social_norms,Social and cultural norms supporting entrepreneurship,GEM NES,"Country-year score, shared by respondents; stored source definition"
